"database_id","drug_concept_id","drug","ingredient_concept_id","ingredient","n_records","n_sample","n_person","n_non_negative_days","n_negative_days","proportion_negative_days","minimum_drug_exposure_days","q05_drug_exposure_days","q10_drug_exposure_days","q25_drug_exposure_days","median_drug_exposure_days","q75_drug_exposure_days","q90_drug_exposure_days","q95_drug_exposure_days","maximum_drug_exposure_days","result_obscured"
"Mock",1127078,"acetaminophen 750 MG / Hydrocodone Bitartrate",1125315,"acetaminophen",8,10000,8,8,0,0,1,1,1,1,8,38.5,61,61,61,FALSE
"Mock",1127433,"acetaminophen 325 MG / Oxycodone Hydrochloride",1125315,"acetaminophen",8,10000,6,8,0,0,1,3.45,5.9,8,29,38.5,70,80.5,91,FALSE
"Mock",19133768,"acetaminophen 160 MG Oral Tablet",1125315,"acetaminophen",8,10000,8,8,0,0,1,3.45,5.9,8,15,29,47.6,69.3,91,FALSE
"Mock",40162522,"acetaminophen 325 MG Oral Tablet",1125315,"acetaminophen",12,10000,10,12,0,0,1,1,1,6.25,29,61,88,91,91,FALSE
"Mock",40229134,"acetaminophen 21.7 MG/ML / Dextromethorphan",1125315,"acetaminophen",6,10000,6,6,0,0,1,2.75,4.5,8,8,8,34.5,47.75,61,FALSE
"Mock",40231925,"acetaminophen 325 MG / Hydrocodone Bitartrate",1125315,"acetaminophen",NA,NA,NA,NA,NA,NA,NA,NA,NA,NA,NA,NA,NA,NA,NA,TRUE
